
CREATE DATABASE CSE_3B_317

CREATE TABLE DEPOSIT(
ACTNO INT, 
CNAME VARCHAR(50),
BNAME VARCHAR(50),
AMOUNT DECIMAL(8,2),
ADATE DATETIME
)

INSERT INTO DEPOSIT(ACTNO,CNAME,BNAME,AMOUNT,ADATE)
VALUES
(101,'ANIL','VRCE',1000,'1-MAR-95'),
(102,'SUNIL','AJNI',5000,'4-JAN-96'),
(103,'MEHUL','KAROLBAGH',3500,'17-NOV-95'),
(104,'MADHURI','CHANDI',1200,'17-DEC-95'),
(105,'PRAMOD','M.G.ROAD',3000,'27-MAR-96'),
(106,'SANDIP','ANDHERI',2000,'31-MAR-96'),
(107,'SHIVANI','VIRAR',1000,'5-SEP-95'),
(108,'KRANTI','NEHRU PLACE',5000,'2-JUL-95'),
(109,'MINU','POWAL',7000,'10-AUG-95')

CREATE TABLE BRANCH(
BNAME VARCHAR(50),
CITY VARCHAR(50)
)

INSERT INTO BRANCH(BNAME,CITY)
VALUES
('VRCE','NAGPUR'),
('AJNI','NAGPUR'),
('KAROLBAGH','DELHI'),
('CHANDI','DELHI'),
('DHARAMPETH','NAGPUR'),
('M.G. ROAD','BANGLORE'),
('ANDHERI','BOMBAY'),
('VIPAR','BOMBAY'),
('NEHRU PLACE','DELHI'),
('POWAL','BOMBAY')

CREATE TABLE CUSTOMERS(
CNAME VARCHAR(50),
CITY VARCHAR(50)
)

INSERT INTO CUSTOMERS(CNAME,CITY)
VALUES
('ANIL','CALCUTTA'),
('SUNIL','DELHI'),
('MEHUL','BARODA'),
('MANDAR','PATANA'),
('MADHURI','NAGPUR'),
('PRAMOD','NAGPUR'),
('SANDIP','SURAT'),
('SHIVANI','BOMBAY'),
('KRANTI','BOMBAY'),
('NAREN','BOMBAY')

CREATE TABLE BORROW(
LOANNO INT,
CNAME VARCHAR(50),
BNAME VARCHAR(50),
AMOUNT DECIMAL(8,2)
)

INSERT INTO BORROW(LOANNO,CNAME,BNAME,AMOUNT)
VALUES
(201,'ANIL','VRCE',1000),
(206,'MEHUL','AJNI',5000),
(311,'SUIL','DHARAMPETH',3000),
(321,'MADHURI','ANDHERI',2000),
(375,'PRAMOD','VIRAR',8000),
(481,'KRANIT','NEEHRU PLACE',3000)
